<?xml version="1.0" encoding="UTF-8"?>
<export version="D">
  <design>
    <source>C:/KiCad_WS/103EXPBoard/103EXPBoard.sch</source>
    <date>2018-12-09 오후 11:47:45</date>
    <tool>Eeschema 4.0.7</tool>
    <sheet number="1" name="/" tstamps="/">
      <title_block>
        <title/>
        <company/>
        <rev/>
        <date/>
        <source>103EXPBoard.sch</source>
        <comment number="1" value=""/>
        <comment number="2" value=""/>
        <comment number="3" value=""/>
        <comment number="4" value=""/>
      </title_block>
    </sheet>
  </design>
  <components>
    <comp ref="D4">
      <value>LED</value>
      <footprint>LEDs:LED_D5.0mm</footprint>
      <libsource lib="device" part="LED"/>
      <sheetpath names="/" tstamps="/"/>
      <tstamp>5BDC68B1</tstamp>
    </comp>
    <comp ref="D3">
      <value>LED</value>
      <footprint>LEDs:LED_D5.0mm</footprint>
      <libsource lib="device" part="LED"/>
      <sheetpath names="/" tstamps="/"/>
      <tstamp>5BDC6976</tstamp>
    </comp>
    <comp ref="D2">
      <value>LED</value>
      <footprint>LEDs:LED_D5.0mm</footprint>
      <libsource lib="device" part="LED"/>
      <sheetpath names="/" tstamps="/"/>
      <tstamp>5BDC6A3E</tstamp>
    </comp>
    <comp ref="D1">
      <value>LED</value>
      <footprint>LEDs:LED_D5.0mm</footprint>
      <libsource lib="device" part="LED"/>
      <sheetpath names="/" tstamps="/"/>
      <tstamp>5BDC6A44</tstamp>
    </comp>
    <comp ref="SW4">
      <value>SW_Push</value>
      <footprint>Buttons_Switches_THT:SW_PUSH_6mm_h5mm</footprint>
      <libsource lib="switches" part="SW_Push"/>
      <sheetpath names="/" tstamps="/"/>
      <tstamp>5BDC6B7B</tstamp>
    </comp>
    <comp ref="SW3">
      <value>SW_Push</value>
      <footprint>Buttons_Switches_THT:SW_PUSH_6mm_h5mm</footprint>
      <libsource lib="switches" part="SW_Push"/>
      <sheetpath names="/" tstamps="/"/>
      <tstamp>5BDC6CF8</tstamp>
    </comp>
    <comp ref="SW2">
      <value>SW_Push</value>
      <footprint>Buttons_Switches_THT:SW_PUSH_6mm_h5mm</footprint>
      <libsource lib="switches" part="SW_Push"/>
      <sheetpath names="/" tstamps="/"/>
      <tstamp>5BDC6DB1</tstamp>
    </comp>
    <comp ref="SW1">
      <value>SW_Push</value>
      <footprint>Buttons_Switches_THT:SW_PUSH_6mm_h5mm</footprint>
      <libsource lib="switches" part="SW_Push"/>
      <sheetpath names="/" tstamps="/"/>
      <tstamp>5BDC6DB7</tstamp>
    </comp>
    <comp ref="J1">
      <value>Conn_01x16</value>
      <footprint>Socket_Strips:Socket_Strip_Straight_1x16_Pitch2.54mm</footprint>
      <libsource lib="conn" part="Conn_01x16"/>
      <sheetpath names="/" tstamps="/"/>
      <tstamp>5BDC700C</tstamp>
    </comp>
    <comp ref="J2">
      <value>Conn_01x04</value>
      <footprint>Socket_Strips:Socket_Strip_Straight_1x04_Pitch2.54mm</footprint>
      <libsource lib="conn" part="Conn_01x04"/>
      <sheetpath names="/" tstamps="/"/>
      <tstamp>5BDC732B</tstamp>
    </comp>
    <comp ref="J3">
      <value>Conn_01x04</value>
      <footprint>Socket_Strips:Socket_Strip_Straight_1x04_Pitch2.54mm</footprint>
      <libsource lib="conn" part="Conn_01x04"/>
      <sheetpath names="/" tstamps="/"/>
      <tstamp>5BDC74FA</tstamp>
    </comp>
    <comp ref="J4">
      <value>Conn_01x03</value>
      <footprint>Socket_Strips:Socket_Strip_Straight_1x03_Pitch2.54mm</footprint>
      <libsource lib="conn" part="Conn_01x03"/>
      <sheetpath names="/" tstamps="/"/>
      <tstamp>5BDC75D5</tstamp>
    </comp>
    <comp ref="J5">
      <value>Conn_01x03</value>
      <footprint>Socket_Strips:Socket_Strip_Straight_1x03_Pitch2.54mm</footprint>
      <libsource lib="conn" part="Conn_01x03"/>
      <sheetpath names="/" tstamps="/"/>
      <tstamp>5BDC76AA</tstamp>
    </comp>
    <comp ref="RV2">
      <value>10K</value>
      <footprint>Potentiometers:Potentiometer_Trimmer_Vishay_T73YP_Horizontal</footprint>
      <libsource lib="device" part="POT"/>
      <sheetpath names="/" tstamps="/"/>
      <tstamp>5BDC7794</tstamp>
    </comp>
    <comp ref="TH1">
      <value>Thermistor</value>
      <footprint>Resistors_THT:R_Axial_DIN0204_L3.6mm_D1.6mm_P5.08mm_Horizontal</footprint>
      <libsource lib="device" part="Thermistor"/>
      <sheetpath names="/" tstamps="/"/>
      <tstamp>5BDC9D64</tstamp>
    </comp>
    <comp ref="J7">
      <value>Conn_01x02</value>
      <footprint>Socket_Strips:Socket_Strip_Straight_1x02_Pitch2.54mm</footprint>
      <libsource lib="conn" part="Conn_01x02"/>
      <sheetpath names="/" tstamps="/"/>
      <tstamp>5BDCAF17</tstamp>
    </comp>
    <comp ref="RV1">
      <value>10K</value>
      <footprint>Potentiometers:Potentiometer_Trimmer_Vishay_T73YP_Horizontal</footprint>
      <libsource lib="device" part="POT"/>
      <sheetpath names="/" tstamps="/"/>
      <tstamp>5BDCB3A1</tstamp>
    </comp>
    <comp ref="J6">
      <value>Conn_01x04</value>
      <footprint>Socket_Strips:Socket_Strip_Straight_1x04_Pitch2.54mm</footprint>
      <libsource lib="conn" part="Conn_01x04"/>
      <sheetpath names="/" tstamps="/"/>
      <tstamp>5BDCCE09</tstamp>
    </comp>
    <comp ref="U1">
      <value>stm32f103c8t6-module-china</value>
      <footprint>BluePill:BluePill_2</footprint>
      <libsource lib="stm32f103c8t6-module-china" part="stm32f103c8t6-module-china"/>
      <sheetpath names="/" tstamps="/"/>
      <tstamp>5C0BC73D</tstamp>
    </comp>
    <comp ref="R3">
      <value>10K</value>
      <footprint>Resistors_SMD:R_0603_HandSoldering</footprint>
      <libsource lib="device" part="R"/>
      <sheetpath names="/" tstamps="/"/>
      <tstamp>5C0D05AC</tstamp>
    </comp>
    <comp ref="R10">
      <value>10K</value>
      <footprint>Resistors_SMD:R_0603_HandSoldering</footprint>
      <libsource lib="device" part="R"/>
      <sheetpath names="/" tstamps="/"/>
      <tstamp>5C0D0E70</tstamp>
    </comp>
    <comp ref="C5">
      <value>0.1uF</value>
      <footprint>Capacitors_THT:C_Disc_D4.3mm_W1.9mm_P5.00mm</footprint>
      <libsource lib="device" part="C"/>
      <sheetpath names="/" tstamps="/"/>
      <tstamp>5C0D0F3A</tstamp>
    </comp>
    <comp ref="R9">
      <value>10K</value>
      <footprint>Resistors_SMD:R_0603_HandSoldering</footprint>
      <libsource lib="device" part="R"/>
      <sheetpath names="/" tstamps="/"/>
      <tstamp>5C0BE263</tstamp>
    </comp>
    <comp ref="C4">
      <value>0.1uF</value>
      <footprint>Capacitors_THT:C_Disc_D4.3mm_W1.9mm_P5.00mm</footprint>
      <libsource lib="device" part="C"/>
      <sheetpath names="/" tstamps="/"/>
      <tstamp>5C0BE269</tstamp>
    </comp>
    <comp ref="R4">
      <value>10K</value>
      <footprint>Resistors_SMD:R_0603_HandSoldering</footprint>
      <libsource lib="device" part="R"/>
      <sheetpath names="/" tstamps="/"/>
      <tstamp>5C0BE2F9</tstamp>
    </comp>
    <comp ref="C3">
      <value>0.1uF</value>
      <footprint>Capacitors_THT:C_Disc_D4.3mm_W1.9mm_P5.00mm</footprint>
      <libsource lib="device" part="C"/>
      <sheetpath names="/" tstamps="/"/>
      <tstamp>5C0BE2FF</tstamp>
    </comp>
    <comp ref="R2">
      <value>10K</value>
      <footprint>Resistors_SMD:R_0603_HandSoldering</footprint>
      <libsource lib="device" part="R"/>
      <sheetpath names="/" tstamps="/"/>
      <tstamp>5C0BE589</tstamp>
    </comp>
    <comp ref="C2">
      <value>0.1uF</value>
      <footprint>Capacitors_THT:C_Disc_D4.3mm_W1.9mm_P5.00mm</footprint>
      <libsource lib="device" part="C"/>
      <sheetpath names="/" tstamps="/"/>
      <tstamp>5C0BE58F</tstamp>
    </comp>
    <comp ref="R1">
      <value>220</value>
      <footprint>Resistors_SMD:R_0603_HandSoldering</footprint>
      <libsource lib="device" part="R"/>
      <sheetpath names="/" tstamps="/"/>
      <tstamp>5C0BEF46</tstamp>
    </comp>
    <comp ref="C1">
      <value>0.1uF</value>
      <footprint>Capacitors_THT:C_Disc_D4.3mm_W1.9mm_P5.00mm</footprint>
      <libsource lib="device" part="C"/>
      <sheetpath names="/" tstamps="/"/>
      <tstamp>5C0C0EC0</tstamp>
    </comp>
    <comp ref="R5">
      <value>220</value>
      <footprint>Resistors_SMD:R_0603_HandSoldering</footprint>
      <libsource lib="device" part="R"/>
      <sheetpath names="/" tstamps="/"/>
      <tstamp>5C0C19D2</tstamp>
    </comp>
    <comp ref="R6">
      <value>220</value>
      <footprint>Resistors_SMD:R_0603_HandSoldering</footprint>
      <libsource lib="device" part="R"/>
      <sheetpath names="/" tstamps="/"/>
      <tstamp>5C0C1E6A</tstamp>
    </comp>
    <comp ref="R7">
      <value>220</value>
      <footprint>Resistors_SMD:R_0603_HandSoldering</footprint>
      <libsource lib="device" part="R"/>
      <sheetpath names="/" tstamps="/"/>
      <tstamp>5C0C1F04</tstamp>
    </comp>
    <comp ref="R8">
      <value>220</value>
      <footprint>Resistors_SMD:R_0603_HandSoldering</footprint>
      <libsource lib="device" part="R"/>
      <sheetpath names="/" tstamps="/"/>
      <tstamp>5C0C1F0A</tstamp>
    </comp>
    <comp ref="J8">
      <value>Conn_01x02</value>
      <footprint>Socket_Strips:Socket_Strip_Straight_1x02_Pitch2.54mm</footprint>
      <libsource lib="conn" part="Conn_01x02"/>
      <sheetpath names="/" tstamps="/"/>
      <tstamp>5C0D2CC0</tstamp>
    </comp>
    <comp ref="JP1">
      <value>Jumper</value>
      <footprint>Capacitors_SMD:C_0805_HandSoldering</footprint>
      <libsource lib="device" part="Jumper"/>
      <sheetpath names="/" tstamps="/"/>
      <tstamp>5C0D2BF6</tstamp>
    </comp>
  </components>
  <libparts>
    <libpart lib="device" part="C">
      <description>Unpolarized capacitor</description>
      <footprints>
        <fp>C_*</fp>
      </footprints>
      <fields>
        <field name="Reference">C</field>
        <field name="Value">C</field>
      </fields>
      <pins>
        <pin num="1" name="~" type="passive"/>
        <pin num="2" name="~" type="passive"/>
      </pins>
    </libpart>
    <libpart lib="conn" part="Conn_01x02">
      <description>Generic connector, single row, 01x02</description>
      <docs>~</docs>
      <footprints>
        <fp>Connector*:*_??x*mm*</fp>
        <fp>Connector*:*1x??x*mm*</fp>
        <fp>Pin?Header?Straight?1X*</fp>
        <fp>Pin?Header?Angled?1X*</fp>
        <fp>Socket?Strip?Straight?1X*</fp>
        <fp>Socket?Strip?Angled?1X*</fp>
      </footprints>
      <fields>
        <field name="Reference">J</field>
        <field name="Value">Conn_01x02</field>
      </fields>
      <pins>
        <pin num="1" name="Pin_1" type="passive"/>
        <pin num="2" name="Pin_2" type="passive"/>
      </pins>
    </libpart>
    <libpart lib="conn" part="Conn_01x03">
      <description>Generic connector, single row, 01x03</description>
      <docs>~</docs>
      <footprints>
        <fp>Connector*:*_??x*mm*</fp>
        <fp>Connector*:*1x??x*mm*</fp>
        <fp>Pin?Header?Straight?1X*</fp>
        <fp>Pin?Header?Angled?1X*</fp>
        <fp>Socket?Strip?Straight?1X*</fp>
        <fp>Socket?Strip?Angled?1X*</fp>
      </footprints>
      <fields>
        <field name="Reference">J</field>
        <field name="Value">Conn_01x03</field>
      </fields>
      <pins>
        <pin num="1" name="Pin_1" type="passive"/>
        <pin num="2" name="Pin_2" type="passive"/>
        <pin num="3" name="Pin_3" type="passive"/>
      </pins>
    </libpart>
    <libpart lib="conn" part="Conn_01x04">
      <description>Generic connector, single row, 01x04</description>
      <docs>~</docs>
      <footprints>
        <fp>Connector*:*_??x*mm*</fp>
        <fp>Connector*:*1x??x*mm*</fp>
        <fp>Pin?Header?Straight?1X*</fp>
        <fp>Pin?Header?Angled?1X*</fp>
        <fp>Socket?Strip?Straight?1X*</fp>
        <fp>Socket?Strip?Angled?1X*</fp>
      </footprints>
      <fields>
        <field name="Reference">J</field>
        <field name="Value">Conn_01x04</field>
      </fields>
      <pins>
        <pin num="1" name="Pin_1" type="passive"/>
        <pin num="2" name="Pin_2" type="passive"/>
        <pin num="3" name="Pin_3" type="passive"/>
        <pin num="4" name="Pin_4" type="passive"/>
      </pins>
    </libpart>
    <libpart lib="conn" part="Conn_01x16">
      <description>Generic connector, single row, 01x16</description>
      <docs>~</docs>
      <footprints>
        <fp>Connector*:*_??x*mm*</fp>
        <fp>Connector*:*1x??x*mm*</fp>
        <fp>Pin?Header?Straight?1X*</fp>
        <fp>Pin?Header?Angled?1X*</fp>
        <fp>Socket?Strip?Straight?1X*</fp>
        <fp>Socket?Strip?Angled?1X*</fp>
      </footprints>
      <fields>
        <field name="Reference">J</field>
        <field name="Value">Conn_01x16</field>
      </fields>
      <pins>
        <pin num="1" name="Pin_1" type="passive"/>
        <pin num="2" name="Pin_2" type="passive"/>
        <pin num="3" name="Pin_3" type="passive"/>
        <pin num="4" name="Pin_4" type="passive"/>
        <pin num="5" name="Pin_5" type="passive"/>
        <pin num="6" name="Pin_6" type="passive"/>
        <pin num="7" name="Pin_7" type="passive"/>
        <pin num="8" name="Pin_8" type="passive"/>
        <pin num="9" name="Pin_9" type="passive"/>
        <pin num="10" name="Pin_10" type="passive"/>
        <pin num="11" name="Pin_11" type="passive"/>
        <pin num="12" name="Pin_12" type="passive"/>
        <pin num="13" name="Pin_13" type="passive"/>
        <pin num="14" name="Pin_14" type="passive"/>
        <pin num="15" name="Pin_15" type="passive"/>
        <pin num="16" name="Pin_16" type="passive"/>
      </pins>
    </libpart>
    <libpart lib="device" part="Jumper">
      <description>Jumper, generic, normally closed</description>
      <fields>
        <field name="Reference">JP</field>
        <field name="Value">Jumper</field>
      </fields>
      <pins>
        <pin num="1" name="1" type="passive"/>
        <pin num="2" name="2" type="passive"/>
      </pins>
    </libpart>
    <libpart lib="device" part="LED">
      <description>LED generic</description>
      <footprints>
        <fp>LED*</fp>
      </footprints>
      <fields>
        <field name="Reference">D</field>
        <field name="Value">LED</field>
      </fields>
      <pins>
        <pin num="1" name="K" type="passive"/>
        <pin num="2" name="A" type="passive"/>
      </pins>
    </libpart>
    <libpart lib="device" part="POT">
      <description>Potentiometer</description>
      <footprints>
        <fp>Potentiometer*</fp>
      </footprints>
      <fields>
        <field name="Reference">RV</field>
        <field name="Value">POT</field>
      </fields>
      <pins>
        <pin num="1" name="1" type="passive"/>
        <pin num="2" name="2" type="passive"/>
        <pin num="3" name="3" type="passive"/>
      </pins>
    </libpart>
    <libpart lib="device" part="R">
      <description>Resistor</description>
      <footprints>
        <fp>R_*</fp>
        <fp>R_*</fp>
      </footprints>
      <fields>
        <field name="Reference">R</field>
        <field name="Value">R</field>
      </fields>
      <pins>
        <pin num="1" name="~" type="passive"/>
        <pin num="2" name="~" type="passive"/>
      </pins>
    </libpart>
    <libpart lib="switches" part="SW_Push">
      <description>Push button switch, generic, two pins</description>
      <fields>
        <field name="Reference">SW</field>
        <field name="Value">SW_Push</field>
      </fields>
      <pins>
        <pin num="1" name="1" type="passive"/>
        <pin num="2" name="2" type="passive"/>
      </pins>
    </libpart>
    <libpart lib="device" part="Thermistor">
      <description>Thermistor, temperature-dependent resistor</description>
      <footprints>
        <fp>R_*</fp>
        <fp>SM0603</fp>
        <fp>SM0805</fp>
      </footprints>
      <fields>
        <field name="Reference">TH</field>
        <field name="Value">Thermistor</field>
      </fields>
      <pins>
        <pin num="1" name="~" type="passive"/>
        <pin num="2" name="~" type="passive"/>
      </pins>
    </libpart>
    <libpart lib="stm32f103c8t6-module-china" part="stm32f103c8t6-module-china">
      <fields>
        <field name="Reference">U</field>
        <field name="Value">stm32f103c8t6-module-china</field>
        <field name="Footprint">myelin-kicad:stm32f103c8t6-module-china</field>
      </fields>
      <pins>
        <pin num="1" name="B12/NSS2" type="input"/>
        <pin num="2" name="B13/SCK2" type="input"/>
        <pin num="3" name="B14/MISO2" type="input"/>
        <pin num="4" name="B15/MOSI2" type="input"/>
        <pin num="5" name="A8/MCO" type="input"/>
        <pin num="6" name="A9/U1TXa" type="input"/>
        <pin num="7" name="A10/U1RXa" type="input"/>
        <pin num="8" name="A11/CANRX/USBDM" type="input"/>
        <pin num="9" name="A12/CANTX/USBDP" type="input"/>
        <pin num="10" name="A15/JTDI" type="input"/>
        <pin num="11" name="B3/JTDO" type="input"/>
        <pin num="12" name="B4/JnTRST" type="input"/>
        <pin num="13" name="B5" type="input"/>
        <pin num="14" name="B6/SCL1a/U1TXb" type="input"/>
        <pin num="15" name="B7/SDA1a/U1RXb" type="input"/>
        <pin num="16" name="B8/SCL1b/CANRX" type="input"/>
        <pin num="17" name="B9/SDA1b/CANTX" type="input"/>
        <pin num="18" name="5V" type="input"/>
        <pin num="19" name="GND" type="input"/>
        <pin num="20" name="3V3" type="input"/>
        <pin num="21" name="VBAT" type="input"/>
        <pin num="22" name="C13" type="input"/>
        <pin num="23" name="C14/OSC32_IN" type="input"/>
        <pin num="24" name="C15/OSC32_OUT" type="input"/>
        <pin num="25" name="A0/WKUP" type="input"/>
        <pin num="26" name="A1" type="input"/>
        <pin num="27" name="A2/U2TX" type="input"/>
        <pin num="28" name="A3/U2RX" type="input"/>
        <pin num="29" name="A4/NSS1" type="input"/>
        <pin num="30" name="A5/SCK1" type="input"/>
        <pin num="31" name="A6/MISO1" type="input"/>
        <pin num="32" name="A7/MOSI1" type="input"/>
        <pin num="33" name="B0" type="input"/>
        <pin num="34" name="B1" type="input"/>
        <pin num="35" name="B10/SCL2/U3TX" type="input"/>
        <pin num="36" name="B11/SDA2/U3RX" type="input"/>
        <pin num="37" name="nRESET" type="input"/>
        <pin num="38" name="3V3" type="input"/>
        <pin num="39" name="GND" type="input"/>
        <pin num="40" name="GND" type="input"/>
      </pins>
    </libpart>
  </libparts>
  <libraries>
    <library logical="stm32f103c8t6-module-china">
      <uri>C:\KiCad_WS\myelin-kicad-libraries-master\myelin-kicad-libraries-master\stm32f103c8t6-module-china.lib</uri>
    </library>
    <library logical="device">
      <uri>C:\Program Files\KiCad\share\kicad\library\device.lib</uri>
    </library>
    <library logical="switches">
      <uri>C:\Program Files\KiCad\share\kicad\library\switches.lib</uri>
    </library>
    <library logical="conn">
      <uri>C:\Program Files\KiCad\share\kicad\library\conn.lib</uri>
    </library>
  </libraries>
  <nets>
    <net code="1" name="/I2C_SDA">
      <node ref="J3" pin="3"/>
      <node ref="U1" pin="17"/>
    </net>
    <net code="2" name="/I2C_SCL">
      <node ref="J3" pin="4"/>
      <node ref="U1" pin="16"/>
    </net>
    <net code="3" name="/SERVO_M">
      <node ref="J5" pin="3"/>
      <node ref="U1" pin="7"/>
    </net>
    <net code="4" name="/DC_M_B">
      <node ref="J4" pin="3"/>
      <node ref="U1" pin="6"/>
    </net>
    <net code="5" name="/DC_M_A">
      <node ref="U1" pin="5"/>
      <node ref="J4" pin="2"/>
    </net>
    <net code="6" name="/USER3">
      <node ref="J6" pin="3"/>
      <node ref="U1" pin="4"/>
    </net>
    <net code="7" name="/RS">
      <node ref="J1" pin="4"/>
      <node ref="U1" pin="3"/>
    </net>
    <net code="8" name="Net-(U1-Pad1)">
      <node ref="U1" pin="1"/>
    </net>
    <net code="9" name="/EN">
      <node ref="J1" pin="6"/>
      <node ref="U1" pin="2"/>
    </net>
    <net code="10" name="Net-(U1-Pad8)">
      <node ref="U1" pin="8"/>
    </net>
    <net code="11" name="GND">
      <node ref="D2" pin="1"/>
      <node ref="C2" pin="2"/>
      <node ref="D3" pin="1"/>
      <node ref="J4" pin="1"/>
      <node ref="J7" pin="2"/>
      <node ref="R4" pin="2"/>
      <node ref="R3" pin="2"/>
      <node ref="R2" pin="2"/>
      <node ref="C4" pin="2"/>
      <node ref="C5" pin="2"/>
      <node ref="J5" pin="2"/>
      <node ref="R9" pin="2"/>
      <node ref="RV2" pin="3"/>
      <node ref="C3" pin="2"/>
      <node ref="U1" pin="19"/>
      <node ref="U1" pin="40"/>
      <node ref="U1" pin="39"/>
      <node ref="RV1" pin="3"/>
      <node ref="J1" pin="1"/>
      <node ref="J1" pin="5"/>
      <node ref="J8" pin="2"/>
      <node ref="C1" pin="2"/>
      <node ref="D1" pin="1"/>
      <node ref="J1" pin="16"/>
      <node ref="J2" pin="2"/>
      <node ref="R10" pin="2"/>
      <node ref="J3" pin="2"/>
      <node ref="D4" pin="1"/>
    </net>
    <net code="12" name="/V_BAT">
      <node ref="J8" pin="1"/>
      <node ref="U1" pin="21"/>
    </net>
    <net code="13" name="Net-(U1-Pad37)">
      <node ref="U1" pin="37"/>
    </net>
    <net code="14" name="Net-(U1-Pad9)">
      <node ref="U1" pin="9"/>
    </net>
    <net code="15" name="+5V">
      <node ref="J3" pin="1"/>
      <node ref="J2" pin="1"/>
      <node ref="J5" pin="1"/>
      <node ref="J7" pin="1"/>
      <node ref="RV1" pin="1"/>
      <node ref="J1" pin="2"/>
      <node ref="C1" pin="1"/>
      <node ref="JP1" pin="1"/>
    </net>
    <net code="16" name="/5V_SPR">
      <node ref="U1" pin="18"/>
      <node ref="JP1" pin="2"/>
    </net>
    <net code="17" name="Net-(U1-Pad23)">
      <node ref="U1" pin="23"/>
    </net>
    <net code="18" name="/LED3">
      <node ref="U1" pin="27"/>
      <node ref="R7" pin="2"/>
    </net>
    <net code="19" name="/UART_RX">
      <node ref="U1" pin="36"/>
      <node ref="J2" pin="3"/>
    </net>
    <net code="20" name="/LED2">
      <node ref="R6" pin="2"/>
      <node ref="U1" pin="26"/>
    </net>
    <net code="21" name="/UART_TX">
      <node ref="U1" pin="35"/>
      <node ref="J2" pin="4"/>
    </net>
    <net code="22" name="/LED1">
      <node ref="U1" pin="25"/>
      <node ref="R5" pin="2"/>
    </net>
    <net code="23" name="/D7">
      <node ref="U1" pin="15"/>
      <node ref="J1" pin="14"/>
    </net>
    <net code="24" name="/ADC_TMST">
      <node ref="U1" pin="34"/>
      <node ref="R3" pin="1"/>
      <node ref="TH1" pin="2"/>
    </net>
    <net code="25" name="Net-(U1-Pad24)">
      <node ref="U1" pin="24"/>
    </net>
    <net code="26" name="/D6">
      <node ref="U1" pin="14"/>
      <node ref="J1" pin="13"/>
    </net>
    <net code="27" name="/ADC_VR">
      <node ref="U1" pin="33"/>
      <node ref="RV2" pin="2"/>
    </net>
    <net code="28" name="/D5">
      <node ref="U1" pin="13"/>
      <node ref="J1" pin="12"/>
    </net>
    <net code="29" name="/SW4">
      <node ref="C5" pin="1"/>
      <node ref="U1" pin="32"/>
      <node ref="R10" pin="1"/>
      <node ref="SW4" pin="2"/>
    </net>
    <net code="30" name="/USER4">
      <node ref="J6" pin="4"/>
      <node ref="U1" pin="22"/>
    </net>
    <net code="31" name="/D4">
      <node ref="U1" pin="12"/>
      <node ref="J1" pin="11"/>
    </net>
    <net code="32" name="/SW3">
      <node ref="U1" pin="31"/>
      <node ref="R9" pin="1"/>
      <node ref="C4" pin="1"/>
      <node ref="SW3" pin="2"/>
    </net>
    <net code="33" name="/USER2">
      <node ref="U1" pin="11"/>
      <node ref="J6" pin="2"/>
    </net>
    <net code="34" name="/SW2">
      <node ref="R4" pin="1"/>
      <node ref="C3" pin="1"/>
      <node ref="U1" pin="30"/>
      <node ref="SW2" pin="2"/>
    </net>
    <net code="35" name="/USER1">
      <node ref="J6" pin="1"/>
      <node ref="U1" pin="10"/>
    </net>
    <net code="36" name="+3V3">
      <node ref="U1" pin="38"/>
      <node ref="U1" pin="20"/>
      <node ref="SW4" pin="1"/>
      <node ref="SW3" pin="1"/>
      <node ref="SW2" pin="1"/>
      <node ref="SW1" pin="2"/>
      <node ref="TH1" pin="1"/>
      <node ref="RV2" pin="1"/>
      <node ref="R1" pin="1"/>
    </net>
    <net code="37" name="/SW1">
      <node ref="SW1" pin="1"/>
      <node ref="U1" pin="29"/>
      <node ref="C2" pin="1"/>
      <node ref="R2" pin="1"/>
    </net>
    <net code="38" name="/LED4">
      <node ref="U1" pin="28"/>
      <node ref="R8" pin="2"/>
    </net>
    <net code="39" name="/CONTRAST">
      <node ref="RV1" pin="2"/>
      <node ref="J1" pin="3"/>
    </net>
    <net code="40" name="Net-(J1-Pad10)">
      <node ref="J1" pin="10"/>
    </net>
    <net code="41" name="Net-(J1-Pad9)">
      <node ref="J1" pin="9"/>
    </net>
    <net code="42" name="Net-(J1-Pad8)">
      <node ref="J1" pin="8"/>
    </net>
    <net code="43" name="Net-(J1-Pad7)">
      <node ref="J1" pin="7"/>
    </net>
    <net code="44" name="Net-(D1-Pad2)">
      <node ref="R5" pin="1"/>
      <node ref="D1" pin="2"/>
    </net>
    <net code="45" name="Net-(D2-Pad2)">
      <node ref="R6" pin="1"/>
      <node ref="D2" pin="2"/>
    </net>
    <net code="46" name="Net-(D3-Pad2)">
      <node ref="R7" pin="1"/>
      <node ref="D3" pin="2"/>
    </net>
    <net code="47" name="Net-(D4-Pad2)">
      <node ref="R8" pin="1"/>
      <node ref="D4" pin="2"/>
    </net>
    <net code="48" name="/BLA">
      <node ref="J1" pin="15"/>
      <node ref="R1" pin="2"/>
    </net>
  </nets>
</export>
